cluster_code,checkin,predicted_demand
1011,2025-11-22,692
1011,2025-11-23,823
1011,2025-11-24,593
1011,2025-11-25,687
1011,2025-11-26,1039
1011,2025-11-27,1894
1011,2025-11-28,550
1011,2025-11-29,380
1011,2025-11-30,386
1011,2025-12-01,429
1011,2025-12-02,457
1011,2025-12-03,835
1011,2025-12-04,2399
1011,2025-12-05,592
1011,2025-12-06,445
1011,2025-12-07,416
1011,2025-12-08,422
1011,2025-12-09,444
1011,2025-12-10,755
1011,2025-12-11,2130
1011,2025-12-12,641
1011,2025-12-13,407
1011,2025-12-14,356
1011,2025-12-15,466
1011,2025-12-16,514
1011,2025-12-17,859
1011,2025-12-18,1641
1011,2025-12-19,561
1011,2025-12-20,407
1011,2025-12-21,284
1013,2025-11-22,0
1013,2025-11-23,0
1013,2025-11-24,0
1013,2025-11-25,0
1013,2025-11-26,0
1013,2025-11-27,0
1013,2025-11-28,0
1013,2025-11-29,0
1013,2025-11-30,0
1013,2025-12-01,0
1013,2025-12-02,0
1013,2025-12-03,0
1013,2025-12-04,0
1013,2025-12-05,0
1013,2025-12-06,0
1013,2025-12-07,0
1013,2025-12-08,0
1013,2025-12-09,0
1013,2025-12-10,0
1013,2025-12-11,0
1013,2025-12-12,0
1013,2025-12-13,0
1013,2025-12-14,0
1013,2025-12-15,0
1013,2025-12-16,0
1013,2025-12-17,0
1013,2025-12-18,0
1013,2025-12-19,0
1013,2025-12-20,0
1013,2025-12-21,0
1053,2025-11-22,647
1053,2025-11-23,557
1053,2025-11-24,563
1053,2025-11-25,563
1053,2025-11-26,739
1053,2025-11-27,983
1053,2025-11-28,443
1053,2025-11-29,294
1053,2025-11-30,268
1053,2025-12-01,229
1053,2025-12-02,223
1053,2025-12-03,562
1053,2025-12-04,850
1053,2025-12-05,246
1053,2025-12-06,278
1053,2025-12-07,315
1053,2025-12-08,300
1053,2025-12-09,288
1053,2025-12-10,381
1053,2025-12-11,717
1053,2025-12-12,346
1053,2025-12-13,230
1053,2025-12-14,241
1053,2025-12-15,248
1053,2025-12-16,272
1053,2025-12-17,419
1053,2025-12-18,505
1053,2025-12-19,298
1053,2025-12-20,251
1053,2025-12-21,246
1054,2025-11-22,553
1054,2025-11-23,492
1054,2025-11-24,414
1054,2025-11-25,355
1054,2025-11-26,399
1054,2025-11-27,661
1054,2025-11-28,183
1054,2025-11-29,194
1054,2025-11-30,196
1054,2025-12-01,279
1054,2025-12-02,262
1054,2025-12-03,449
1054,2025-12-04,877
1054,2025-12-05,311
1054,2025-12-06,251
1054,2025-12-07,222
1054,2025-12-08,219
1054,2025-12-09,265
1054,2025-12-10,347
1054,2025-12-11,933
1054,2025-12-12,251
1054,2025-12-13,277
1054,2025-12-14,235
1054,2025-12-15,354
1054,2025-12-16,269
1054,2025-12-17,342
1054,2025-12-18,742
1054,2025-12-19,467
1054,2025-12-20,299
1054,2025-12-21,225
1120,2025-11-22,583
1120,2025-11-23,760
1120,2025-11-24,619
1120,2025-11-25,535
1120,2025-11-26,674
1120,2025-11-27,2071
1120,2025-11-28,685
1120,2025-11-29,366
1120,2025-11-30,410
1120,2025-12-01,506
1120,2025-12-02,505
1120,2025-12-03,679
1120,2025-12-04,2946
1120,2025-12-05,782
1120,2025-12-06,594
1120,2025-12-07,617
1120,2025-12-08,627
1120,2025-12-09,639
1120,2025-12-10,788
1120,2025-12-11,3286
1120,2025-12-12,978
1120,2025-12-13,622
1120,2025-12-14,595
1120,2025-12-15,679
1120,2025-12-16,699
1120,2025-12-17,802
1120,2025-12-18,2444
1120,2025-12-19,1017
1120,2025-12-20,832
1120,2025-12-21,729
1156,2025-11-22,0
1156,2025-11-23,0
1156,2025-11-24,0
1156,2025-11-25,0
1156,2025-11-26,0
1156,2025-11-27,0
1156,2025-11-28,0
1156,2025-11-29,0
1156,2025-11-30,0
1156,2025-12-01,0
1156,2025-12-02,0
1156,2025-12-03,0
1156,2025-12-04,0
1156,2025-12-05,0
1156,2025-12-06,0
1156,2025-12-07,0
1156,2025-12-08,0
1156,2025-12-09,0
1156,2025-12-10,0
1156,2025-12-11,0
1156,2025-12-12,0
1156,2025-12-13,0
1156,2025-12-14,0
1156,2025-12-15,0
1156,2025-12-16,0
1156,2025-12-17,0
1156,2025-12-18,0
1156,2025-12-19,0
1156,2025-12-20,0
1156,2025-12-21,0
1183,2025-11-22,37059
1183,2025-11-23,36740
1183,2025-11-24,37562
1183,2025-11-25,38915
1183,2025-11-26,43167
1183,2025-11-27,54009
1183,2025-11-28,32433
1183,2025-11-29,29892
1183,2025-11-30,32290
1183,2025-12-01,32011
1183,2025-12-02,34089
1183,2025-12-03,35198
1183,2025-12-04,53025
1183,2025-12-05,34208
1183,2025-12-06,34961
1183,2025-12-07,34448
1183,2025-12-08,35797
1183,2025-12-09,37522
1183,2025-12-10,41042
1183,2025-12-11,53823
1183,2025-12-12,34672
1183,2025-12-13,35135
1183,2025-12-14,34683
1183,2025-12-15,35331
1183,2025-12-16,37368
1183,2025-12-17,40489
1183,2025-12-18,52653
1183,2025-12-19,34379
1183,2025-12-20,33325
1183,2025-12-21,27472
1209,2025-11-22,21
1209,2025-11-23,32
1209,2025-11-24,25
1209,2025-11-25,24
1209,2025-11-26,25
1209,2025-11-27,46
1209,2025-11-28,19
1209,2025-11-29,29
1209,2025-11-30,35
1209,2025-12-01,43
1209,2025-12-02,27
1209,2025-12-03,30
1209,2025-12-04,57
1209,2025-12-05,34
1209,2025-12-06,35
1209,2025-12-07,34
1209,2025-12-08,35
1209,2025-12-09,34
1209,2025-12-10,36
1209,2025-12-11,46
1209,2025-12-12,26
1209,2025-12-13,25
1209,2025-12-14,33
1209,2025-12-15,27
1209,2025-12-16,38
1209,2025-12-17,45
1209,2025-12-18,46
1209,2025-12-19,31
1209,2025-12-20,30
1209,2025-12-21,19
1224,2025-11-22,463
1224,2025-11-23,523
1224,2025-11-24,486
1224,2025-11-25,472
1224,2025-11-26,573
1224,2025-11-27,1066
1224,2025-11-28,447
1224,2025-11-29,354
1224,2025-11-30,406
1224,2025-12-01,412
1224,2025-12-02,449
1224,2025-12-03,436
1224,2025-12-04,1043
1224,2025-12-05,622
1224,2025-12-06,430
1224,2025-12-07,426
1224,2025-12-08,484
1224,2025-12-09,482
1224,2025-12-10,589
1224,2025-12-11,1150
1224,2025-12-12,526
1224,2025-12-13,496
1224,2025-12-14,488
1224,2025-12-15,566
1224,2025-12-16,562
1224,2025-12-17,647
1224,2025-12-18,1156
1224,2025-12-19,498
1224,2025-12-20,544
1224,2025-12-21,443
1239,2025-11-22,377
1239,2025-11-23,347
1239,2025-11-24,364
1239,2025-11-25,379
1239,2025-11-26,430
1239,2025-11-27,880
1239,2025-11-28,469
1239,2025-11-29,294
1239,2025-11-30,305
1239,2025-12-01,383
1239,2025-12-02,387
1239,2025-12-03,482
1239,2025-12-04,1062
1239,2025-12-05,365
1239,2025-12-06,315
1239,2025-12-07,307
1239,2025-12-08,296
1239,2025-12-09,355
1239,2025-12-10,388
1239,2025-12-11,948
1239,2025-12-12,374
1239,2025-12-13,293
1239,2025-12-14,277
1239,2025-12-15,305
1239,2025-12-16,385
1239,2025-12-17,459
1239,2025-12-18,906
1239,2025-12-19,523
1239,2025-12-20,331
1239,2025-12-21,260
1265,2025-11-22,47
1265,2025-11-23,46
1265,2025-11-24,45
1265,2025-11-25,52
1265,2025-11-26,55
1265,2025-11-27,75
1265,2025-11-28,31
1265,2025-11-29,44
1265,2025-11-30,45
1265,2025-12-01,54
1265,2025-12-02,63
1265,2025-12-03,64
1265,2025-12-04,86
1265,2025-12-05,52
1265,2025-12-06,47
1265,2025-12-07,50
1265,2025-12-08,44
1265,2025-12-09,55
1265,2025-12-10,61
1265,2025-12-11,72
1265,2025-12-12,44
1265,2025-12-13,48
1265,2025-12-14,44
1265,2025-12-15,52
1265,2025-12-16,56
1265,2025-12-17,58
1265,2025-12-18,65
1265,2025-12-19,49
1265,2025-12-20,51
1265,2025-12-21,47
1297,2025-11-22,26
1297,2025-11-23,34
1297,2025-11-24,28
1297,2025-11-25,26
1297,2025-11-26,41
1297,2025-11-27,44
1297,2025-11-28,19
1297,2025-11-29,18
1297,2025-11-30,22
1297,2025-12-01,24
1297,2025-12-02,25
1297,2025-12-03,31
1297,2025-12-04,46
1297,2025-12-05,25
1297,2025-12-06,27
1297,2025-12-07,27
1297,2025-12-08,28
1297,2025-12-09,30
1297,2025-12-10,42
1297,2025-12-11,57
1297,2025-12-12,23
1297,2025-12-13,33
1297,2025-12-14,30
1297,2025-12-15,48
1297,2025-12-16,40
1297,2025-12-17,51
1297,2025-12-18,67
1297,2025-12-19,35
1297,2025-12-20,40
1297,2025-12-21,19
1299,2025-11-22,161
1299,2025-11-23,398
1299,2025-11-24,162
1299,2025-11-25,219
1299,2025-11-26,360
1299,2025-11-27,1252
1299,2025-11-28,197
1299,2025-11-29,194
1299,2025-11-30,195
1299,2025-12-01,200
1299,2025-12-02,171
1299,2025-12-03,323
1299,2025-12-04,1150
1299,2025-12-05,310
1299,2025-12-06,198
1299,2025-12-07,168
1299,2025-12-08,269
1299,2025-12-09,271
1299,2025-12-10,323
1299,2025-12-11,1110
1299,2025-12-12,238
1299,2025-12-13,224
1299,2025-12-14,194
1299,2025-12-15,172
1299,2025-12-16,257
1299,2025-12-17,332
1299,2025-12-18,897
1299,2025-12-19,249
1299,2025-12-20,272
1299,2025-12-21,168
1307,2025-11-22,5
1307,2025-11-23,3
1307,2025-11-24,3
1307,2025-11-25,0
1307,2025-11-26,2
1307,2025-11-27,3
1307,2025-11-28,1
1307,2025-11-29,1
1307,2025-11-30,1
1307,2025-12-01,6
1307,2025-12-02,6
1307,2025-12-03,1
1307,2025-12-04,3
1307,2025-12-05,1
1307,2025-12-06,2
1307,2025-12-07,1
1307,2025-12-08,1
1307,2025-12-09,1
1307,2025-12-10,1
1307,2025-12-11,4
1307,2025-12-12,1
1307,2025-12-13,1
1307,2025-12-14,1
1307,2025-12-15,1
1307,2025-12-16,2
1307,2025-12-17,2
1307,2025-12-18,2
1307,2025-12-19,2
1307,2025-12-20,2
1307,2025-12-21,1
1317,2025-11-22,2096
1317,2025-11-23,1851
1317,2025-11-24,1666
1317,2025-11-25,1968
1317,2025-11-26,2893
1317,2025-11-27,3003
1317,2025-11-28,1128
1317,2025-11-29,941
1317,2025-11-30,933
1317,2025-12-01,940
1317,2025-12-02,1112
1317,2025-12-03,1678
1317,2025-12-04,3349
1317,2025-12-05,1323
1317,2025-12-06,1050
1317,2025-12-07,993
1317,2025-12-08,927
1317,2025-12-09,1015
1317,2025-12-10,1618
1317,2025-12-11,2996
1317,2025-12-12,958
1317,2025-12-13,783
1317,2025-12-14,698
1317,2025-12-15,973
1317,2025-12-16,1100
1317,2025-12-17,1610
1317,2025-12-18,1950
1317,2025-12-19,830
1317,2025-12-20,854
1317,2025-12-21,599
1370,2025-11-22,0
1370,2025-11-23,0
1370,2025-11-24,0
1370,2025-11-25,0
1370,2025-11-26,0
1370,2025-11-27,0
1370,2025-11-28,0
1370,2025-11-29,0
1370,2025-11-30,0
1370,2025-12-01,0
1370,2025-12-02,0
1370,2025-12-03,0
1370,2025-12-04,0
1370,2025-12-05,0
1370,2025-12-06,0
1370,2025-12-07,0
1370,2025-12-08,0
1370,2025-12-09,0
1370,2025-12-10,0
1370,2025-12-11,0
1370,2025-12-12,0
1370,2025-12-13,0
1370,2025-12-14,0
1370,2025-12-15,0
1370,2025-12-16,0
1370,2025-12-17,0
1370,2025-12-18,0
1370,2025-12-19,0
1370,2025-12-20,0
1370,2025-12-21,0
1371,2025-11-22,136
1371,2025-11-23,147
1371,2025-11-24,138
1371,2025-11-25,153
1371,2025-11-26,173
1371,2025-11-27,181
1371,2025-11-28,99
1371,2025-11-29,84
1371,2025-11-30,97
1371,2025-12-01,107
1371,2025-12-02,117
1371,2025-12-03,124
1371,2025-12-04,155
1371,2025-12-05,99
1371,2025-12-06,86
1371,2025-12-07,95
1371,2025-12-08,82
1371,2025-12-09,104
1371,2025-12-10,108
1371,2025-12-11,171
1371,2025-12-12,104
1371,2025-12-13,104
1371,2025-12-14,100
1371,2025-12-15,126
1371,2025-12-16,125
1371,2025-12-17,128
1371,2025-12-18,151
1371,2025-12-19,107
1371,2025-12-20,114
1371,2025-12-21,93
1460,2025-11-22,176
1460,2025-11-23,247
1460,2025-11-24,179
1460,2025-11-25,188
1460,2025-11-26,298
1460,2025-11-27,364
1460,2025-11-28,120
1460,2025-11-29,135
1460,2025-11-30,172
1460,2025-12-01,174
1460,2025-12-02,184
1460,2025-12-03,213
1460,2025-12-04,292
1460,2025-12-05,144
1460,2025-12-06,169
1460,2025-12-07,163
1460,2025-12-08,194
1460,2025-12-09,190
1460,2025-12-10,208
1460,2025-12-11,329
1460,2025-12-12,162
1460,2025-12-13,190
1460,2025-12-14,186
1460,2025-12-15,214
1460,2025-12-16,229
1460,2025-12-17,257
1460,2025-12-18,302
1460,2025-12-19,176
1460,2025-12-20,187
1460,2025-12-21,152
1496,2025-11-22,966
1496,2025-11-23,781
1496,2025-11-24,737
1496,2025-11-25,810
1496,2025-11-26,1069
1496,2025-11-27,1392
1496,2025-11-28,566
1496,2025-11-29,590
1496,2025-11-30,545
1496,2025-12-01,532
1496,2025-12-02,512
1496,2025-12-03,723
1496,2025-12-04,1330
1496,2025-12-05,523
1496,2025-12-06,448
1496,2025-12-07,493
1496,2025-12-08,448
1496,2025-12-09,480
1496,2025-12-10,661
1496,2025-12-11,1145
1496,2025-12-12,492
1496,2025-12-13,428
1496,2025-12-14,404
1496,2025-12-15,445
1496,2025-12-16,517
1496,2025-12-17,696
1496,2025-12-18,898
1496,2025-12-19,429
1496,2025-12-20,418
1496,2025-12-21,297
1524,2025-11-22,219
1524,2025-11-23,191
1524,2025-11-24,210
1524,2025-11-25,212
1524,2025-11-26,226
1524,2025-11-27,192
1524,2025-11-28,75
1524,2025-11-29,111
1524,2025-11-30,114
1524,2025-12-01,121
1524,2025-12-02,131
1524,2025-12-03,119
1524,2025-12-04,123
1524,2025-12-05,56
1524,2025-12-06,117
1524,2025-12-07,117
1524,2025-12-08,112
1524,2025-12-09,121
1524,2025-12-10,112
1524,2025-12-11,92
1524,2025-12-12,87
1524,2025-12-13,84
1524,2025-12-14,76
1524,2025-12-15,92
1524,2025-12-16,154
1524,2025-12-17,151
1524,2025-12-18,161
1524,2025-12-19,118
1524,2025-12-20,92
1524,2025-12-21,29
1572,2025-11-22,4
1572,2025-11-23,6
1572,2025-11-24,6
1572,2025-11-25,5
1572,2025-11-26,4
1572,2025-11-27,11
1572,2025-11-28,10
1572,2025-11-29,11
1572,2025-11-30,13
1572,2025-12-01,6
1572,2025-12-02,5
1572,2025-12-03,4
1572,2025-12-04,6
1572,2025-12-05,4
1572,2025-12-06,4
1572,2025-12-07,4
1572,2025-12-08,4
1572,2025-12-09,7
1572,2025-12-10,8
1572,2025-12-11,9
1572,2025-12-12,4
1572,2025-12-13,5
1572,2025-12-14,4
1572,2025-12-15,6
1572,2025-12-16,6
1572,2025-12-17,6
1572,2025-12-18,6
1572,2025-12-19,6
1572,2025-12-20,6
1572,2025-12-21,4
1629,2025-11-22,0
1629,2025-11-23,0
1629,2025-11-24,0
1629,2025-11-25,0
1629,2025-11-26,0
1629,2025-11-27,0
1629,2025-11-28,0
1629,2025-11-29,0
1629,2025-11-30,0
1629,2025-12-01,0
1629,2025-12-02,0
1629,2025-12-03,0
1629,2025-12-04,0
1629,2025-12-05,0
1629,2025-12-06,0
1629,2025-12-07,0
1629,2025-12-08,0
1629,2025-12-09,0
1629,2025-12-10,0
1629,2025-12-11,0
1629,2025-12-12,0
1629,2025-12-13,0
1629,2025-12-14,0
1629,2025-12-15,0
1629,2025-12-16,0
1629,2025-12-17,0
1629,2025-12-18,0
1629,2025-12-19,0
1629,2025-12-20,0
1629,2025-12-21,0
1638,2025-11-22,2899
1638,2025-11-23,2618
1638,2025-11-24,2202
1638,2025-11-25,2445
1638,2025-11-26,3706
1638,2025-11-27,4224
1638,2025-11-28,1606
1638,2025-11-29,1280
1638,2025-11-30,1335
1638,2025-12-01,1275
1638,2025-12-02,1264
1638,2025-12-03,2383
1638,2025-12-04,4578
1638,2025-12-05,1637
1638,2025-12-06,1386
1638,2025-12-07,1341
1638,2025-12-08,1204
1638,2025-12-09,1245
1638,2025-12-10,2075
1638,2025-12-11,3692
1638,2025-12-12,1491
1638,2025-12-13,1130
1638,2025-12-14,1092
1638,2025-12-15,1225
1638,2025-12-16,1335
1638,2025-12-17,2109
1638,2025-12-18,2278
1638,2025-12-19,966
1638,2025-12-20,1046
1638,2025-12-21,818
1859,2025-11-22,38
1859,2025-11-23,40
1859,2025-11-24,33
1859,2025-11-25,33
1859,2025-11-26,40
1859,2025-11-27,47
1859,2025-11-28,22
1859,2025-11-29,25
1859,2025-11-30,30
1859,2025-12-01,29
1859,2025-12-02,30
1859,2025-12-03,41
1859,2025-12-04,80
1859,2025-12-05,33
1859,2025-12-06,41
1859,2025-12-07,39
1859,2025-12-08,30
1859,2025-12-09,28
1859,2025-12-10,38
1859,2025-12-11,52
1859,2025-12-12,27
1859,2025-12-13,32
1859,2025-12-14,30
1859,2025-12-15,39
1859,2025-12-16,40
1859,2025-12-17,43
1859,2025-12-18,50
1859,2025-12-19,31
1859,2025-12-20,33
1859,2025-12-21,23
1895,2025-11-22,379
1895,2025-11-23,541
1895,2025-11-24,303
1895,2025-11-25,294
1895,2025-11-26,460
1895,2025-11-27,1085
1895,2025-11-28,180
1895,2025-11-29,137
1895,2025-11-30,150
1895,2025-12-01,163
1895,2025-12-02,201
1895,2025-12-03,351
1895,2025-12-04,999
1895,2025-12-05,220
1895,2025-12-06,221
1895,2025-12-07,214
1895,2025-12-08,219
1895,2025-12-09,209
1895,2025-12-10,424
1895,2025-12-11,955
1895,2025-12-12,214
1895,2025-12-13,202
1895,2025-12-14,196
1895,2025-12-15,254
1895,2025-12-16,312
1895,2025-12-17,455
1895,2025-12-18,1219
1895,2025-12-19,274
1895,2025-12-20,301
1895,2025-12-21,149
2099,2025-11-22,25654
2099,2025-11-23,25030
2099,2025-11-24,26055
2099,2025-11-25,27523
2099,2025-11-26,28198
2099,2025-11-27,26067
2099,2025-11-28,15701
2099,2025-11-29,16450
2099,2025-11-30,16848
2099,2025-12-01,19422
2099,2025-12-02,26185
2099,2025-12-03,37677
2099,2025-12-04,42633
2099,2025-12-05,33033
2099,2025-12-06,26039
2099,2025-12-07,22570
2099,2025-12-08,21384
2099,2025-12-09,21262
2099,2025-12-10,21382
2099,2025-12-11,23503
2099,2025-12-12,18617
2099,2025-12-13,20114
2099,2025-12-14,20249
2099,2025-12-15,20276
2099,2025-12-16,23799
2099,2025-12-17,24896
2099,2025-12-18,26994
2099,2025-12-19,22592
2099,2025-12-20,19313
2099,2025-12-21,13959
2101,2025-11-22,1584
2101,2025-11-23,1424
2101,2025-11-24,1122
2101,2025-11-25,1233
2101,2025-11-26,1675
2101,2025-11-27,2140
2101,2025-11-28,690
2101,2025-11-29,677
2101,2025-11-30,754
2101,2025-12-01,607
2101,2025-12-02,603
2101,2025-12-03,1107
2101,2025-12-04,2115
2101,2025-12-05,884
2101,2025-12-06,878
2101,2025-12-07,790
2101,2025-12-08,706
2101,2025-12-09,753
2101,2025-12-10,1058
2101,2025-12-11,1903
2101,2025-12-12,695
2101,2025-12-13,655
2101,2025-12-14,492
2101,2025-12-15,538
2101,2025-12-16,737
2101,2025-12-17,1198
2101,2025-12-18,1638
2101,2025-12-19,699
2101,2025-12-20,678
2101,2025-12-21,421
2108,2025-11-22,0
2108,2025-11-23,0
2108,2025-11-24,0
2108,2025-11-25,0
2108,2025-11-26,0
2108,2025-11-27,0
2108,2025-11-28,0
2108,2025-11-29,0
2108,2025-11-30,0
2108,2025-12-01,0
2108,2025-12-02,0
2108,2025-12-03,0
2108,2025-12-04,0
2108,2025-12-05,0
2108,2025-12-06,0
2108,2025-12-07,0
2108,2025-12-08,0
2108,2025-12-09,0
2108,2025-12-10,0
2108,2025-12-11,0
2108,2025-12-12,0
2108,2025-12-13,0
2108,2025-12-14,0
2108,2025-12-15,0
2108,2025-12-16,0
2108,2025-12-17,0
2108,2025-12-18,0
2108,2025-12-19,0
2108,2025-12-20,0
2108,2025-12-21,0
2136,2025-11-22,0
2136,2025-11-23,0
2136,2025-11-24,0
2136,2025-11-25,0
2136,2025-11-26,0
2136,2025-11-27,0
2136,2025-11-28,0
2136,2025-11-29,0
2136,2025-11-30,0
2136,2025-12-01,0
2136,2025-12-02,0
2136,2025-12-03,0
2136,2025-12-04,0
2136,2025-12-05,0
2136,2025-12-06,0
2136,2025-12-07,0
2136,2025-12-08,0
2136,2025-12-09,0
2136,2025-12-10,0
2136,2025-12-11,0
2136,2025-12-12,0
2136,2025-12-13,0
2136,2025-12-14,0
2136,2025-12-15,0
2136,2025-12-16,0
2136,2025-12-17,0
2136,2025-12-18,0
2136,2025-12-19,0
2136,2025-12-20,0
2136,2025-12-21,0
2195,2025-11-22,746
2195,2025-11-23,758
2195,2025-11-24,659
2195,2025-11-25,661
2195,2025-11-26,1049
2195,2025-11-27,1376
2195,2025-11-28,483
2195,2025-11-29,427
2195,2025-11-30,425
2195,2025-12-01,413
2195,2025-12-02,423
2195,2025-12-03,699
2195,2025-12-04,1259
2195,2025-12-05,514
2195,2025-12-06,433
2195,2025-12-07,481
2195,2025-12-08,537
2195,2025-12-09,504
2195,2025-12-10,667
2195,2025-12-11,1292
2195,2025-12-12,492
2195,2025-12-13,462
2195,2025-12-14,376
2195,2025-12-15,427
2195,2025-12-16,457
2195,2025-12-17,695
2195,2025-12-18,859
2195,2025-12-19,427
2195,2025-12-20,374
2195,2025-12-21,293
2337,2025-11-22,193
2337,2025-11-23,205
2337,2025-11-24,216
2337,2025-11-25,201
2337,2025-11-26,217
2337,2025-11-27,202
2337,2025-11-28,110
2337,2025-11-29,82
2337,2025-11-30,99
2337,2025-12-01,99
2337,2025-12-02,115
2337,2025-12-03,122
2337,2025-12-04,140
2337,2025-12-05,86
2337,2025-12-06,92
2337,2025-12-07,118
2337,2025-12-08,108
2337,2025-12-09,141
2337,2025-12-10,154
2337,2025-12-11,187
2337,2025-12-12,109
2337,2025-12-13,168
2337,2025-12-14,174
2337,2025-12-15,183
2337,2025-12-16,200
2337,2025-12-17,174
2337,2025-12-18,224
2337,2025-12-19,132
2337,2025-12-20,128
2337,2025-12-21,91
2406,2025-11-22,57
2406,2025-11-23,57
2406,2025-11-24,34
2406,2025-11-25,30
2406,2025-11-26,45
2406,2025-11-27,70
2406,2025-11-28,19
2406,2025-11-29,16
2406,2025-11-30,18
2406,2025-12-01,19
2406,2025-12-02,20
2406,2025-12-03,26
2406,2025-12-04,76
2406,2025-12-05,29
2406,2025-12-06,22
2406,2025-12-07,22
2406,2025-12-08,23
2406,2025-12-09,24
2406,2025-12-10,27
2406,2025-12-11,77
2406,2025-12-12,30
2406,2025-12-13,26
2406,2025-12-14,24
2406,2025-12-15,28
2406,2025-12-16,29
2406,2025-12-17,31
2406,2025-12-18,50
2406,2025-12-19,31
2406,2025-12-20,32
2406,2025-12-21,13
2451,2025-11-22,0
2451,2025-11-23,0
2451,2025-11-24,0
2451,2025-11-25,0
2451,2025-11-26,0
2451,2025-11-27,0
2451,2025-11-28,0
2451,2025-11-29,0
2451,2025-11-30,0
2451,2025-12-01,0
2451,2025-12-02,0
2451,2025-12-03,0
2451,2025-12-04,0
2451,2025-12-05,0
2451,2025-12-06,0
2451,2025-12-07,0
2451,2025-12-08,0
2451,2025-12-09,0
2451,2025-12-10,0
2451,2025-12-11,0
2451,2025-12-12,0
2451,2025-12-13,0
2451,2025-12-14,0
2451,2025-12-15,0
2451,2025-12-16,0
2451,2025-12-17,0
2451,2025-12-18,0
2451,2025-12-19,0
2451,2025-12-20,0
2451,2025-12-21,0
2483,2025-11-22,1441
2483,2025-11-23,1406
2483,2025-11-24,1639
2483,2025-11-25,1814
2483,2025-11-26,1820
2483,2025-11-27,1437
2483,2025-11-28,617
2483,2025-11-29,703
2483,2025-11-30,774
2483,2025-12-01,878
2483,2025-12-02,891
2483,2025-12-03,988
2483,2025-12-04,1067
2483,2025-12-05,762
2483,2025-12-06,791
2483,2025-12-07,767
2483,2025-12-08,809
2483,2025-12-09,999
2483,2025-12-10,943
2483,2025-12-11,865
2483,2025-12-12,616
2483,2025-12-13,729
2483,2025-12-14,862
2483,2025-12-15,1065
2483,2025-12-16,1101
2483,2025-12-17,1081
2483,2025-12-18,969
2483,2025-12-19,734
2483,2025-12-20,721
2483,2025-12-21,563
2587,2025-11-22,502
2587,2025-11-23,414
2587,2025-11-24,327
2587,2025-11-25,311
2587,2025-11-26,471
2587,2025-11-27,585
2587,2025-11-28,195
2587,2025-11-29,186
2587,2025-11-30,187
2587,2025-12-01,213
2587,2025-12-02,247
2587,2025-12-03,358
2587,2025-12-04,802
2587,2025-12-05,289
2587,2025-12-06,258
2587,2025-12-07,227
2587,2025-12-08,206
2587,2025-12-09,222
2587,2025-12-10,307
2587,2025-12-11,617
2587,2025-12-12,244
2587,2025-12-13,178
2587,2025-12-14,183
2587,2025-12-15,202
2587,2025-12-16,228
2587,2025-12-17,368
2587,2025-12-18,494
2587,2025-12-19,221
2587,2025-12-20,172
2587,2025-12-21,128
2642,2025-11-22,624
2642,2025-11-23,615
2642,2025-11-24,877
2642,2025-11-25,982
2642,2025-11-26,1065
2642,2025-11-27,885
2642,2025-11-28,278
2642,2025-11-29,328
2642,2025-11-30,342
2642,2025-12-01,385
2642,2025-12-02,439
2642,2025-12-03,494
2642,2025-12-04,551
2642,2025-12-05,259
2642,2025-12-06,324
2642,2025-12-07,234
2642,2025-12-08,291
2642,2025-12-09,335
2642,2025-12-10,438
2642,2025-12-11,553
2642,2025-12-12,287
2642,2025-12-13,273
2642,2025-12-14,277
2642,2025-12-15,402
2642,2025-12-16,451
2642,2025-12-17,501
2642,2025-12-18,526
2642,2025-12-19,314
2642,2025-12-20,395
2642,2025-12-21,134
2668,2025-11-22,0
2668,2025-11-23,0
2668,2025-11-24,0
2668,2025-11-25,0
2668,2025-11-26,0
2668,2025-11-27,0
2668,2025-11-28,0
2668,2025-11-29,0
2668,2025-11-30,2
2668,2025-12-01,0
2668,2025-12-02,0
2668,2025-12-03,0
2668,2025-12-04,0
2668,2025-12-05,0
2668,2025-12-06,0
2668,2025-12-07,0
2668,2025-12-08,0
2668,2025-12-09,0
2668,2025-12-10,0
2668,2025-12-11,0
2668,2025-12-12,0
2668,2025-12-13,0
2668,2025-12-14,0
2668,2025-12-15,0
2668,2025-12-16,0
2668,2025-12-17,0
2668,2025-12-18,0
2668,2025-12-19,0
2668,2025-12-20,0
2668,2025-12-21,0
2670,2025-11-22,52
2670,2025-11-23,129
2670,2025-11-24,52
2670,2025-11-25,60
2670,2025-11-26,112
2670,2025-11-27,305
2670,2025-11-28,42
2670,2025-11-29,31
2670,2025-11-30,42
2670,2025-12-01,52
2670,2025-12-02,62
2670,2025-12-03,87
2670,2025-12-04,354
2670,2025-12-05,45
2670,2025-12-06,44
2670,2025-12-07,43
2670,2025-12-08,58
2670,2025-12-09,49
2670,2025-12-10,80
2670,2025-12-11,450
2670,2025-12-12,56
2670,2025-12-13,47
2670,2025-12-14,44
2670,2025-12-15,54
2670,2025-12-16,59
2670,2025-12-17,84
2670,2025-12-18,403
2670,2025-12-19,65
2670,2025-12-20,55
2670,2025-12-21,38
2692,2025-11-22,575
2692,2025-11-23,603
2692,2025-11-24,558
2692,2025-11-25,540
2692,2025-11-26,870
2692,2025-11-27,1134
2692,2025-11-28,395
2692,2025-11-29,355
2692,2025-11-30,336
2692,2025-12-01,315
2692,2025-12-02,469
2692,2025-12-03,660
2692,2025-12-04,1354
2692,2025-12-05,360
2692,2025-12-06,302
2692,2025-12-07,276
2692,2025-12-08,252
2692,2025-12-09,260
2692,2025-12-10,430
2692,2025-12-11,1059
2692,2025-12-12,312
2692,2025-12-13,274
2692,2025-12-14,284
2692,2025-12-15,265
2692,2025-12-16,358
2692,2025-12-17,601
2692,2025-12-18,789
2692,2025-12-19,407
2692,2025-12-20,343
2692,2025-12-21,236
2730,2025-11-22,1
2730,2025-11-23,1
2730,2025-11-24,3
2730,2025-11-25,2
2730,2025-11-26,2
2730,2025-11-27,4
2730,2025-11-28,2
2730,2025-11-29,2
2730,2025-11-30,2
2730,2025-12-01,2
2730,2025-12-02,5
2730,2025-12-03,3
2730,2025-12-04,4
2730,2025-12-05,0
2730,2025-12-06,0
2730,2025-12-07,0
2730,2025-12-08,3
2730,2025-12-09,0
2730,2025-12-10,0
2730,2025-12-11,1
2730,2025-12-12,0
2730,2025-12-13,0
2730,2025-12-14,0
2730,2025-12-15,0
2730,2025-12-16,0
2730,2025-12-17,0
2730,2025-12-18,0
2730,2025-12-19,0
2730,2025-12-20,0
2730,2025-12-21,0
2778,2025-11-22,3972
2778,2025-11-23,3364
2778,2025-11-24,3311
2778,2025-11-25,3810
2778,2025-11-26,5149
2778,2025-11-27,5237
2778,2025-11-28,2089
2778,2025-11-29,2030
2778,2025-11-30,2050
2778,2025-12-01,2013
2778,2025-12-02,2287
2778,2025-12-03,3233
2778,2025-12-04,5534
2778,2025-12-05,2409
2778,2025-12-06,1863
2778,2025-12-07,1910
2778,2025-12-08,1880
2778,2025-12-09,1994
2778,2025-12-10,3138
2778,2025-12-11,5196
2778,2025-12-12,2293
2778,2025-12-13,1566
2778,2025-12-14,1390
2778,2025-12-15,1533
2778,2025-12-16,1929
2778,2025-12-17,2836
2778,2025-12-18,3499
2778,2025-12-19,2027
2778,2025-12-20,1429
2778,2025-12-21,1084
2949,2025-11-22,2451
2949,2025-11-23,3611
2949,2025-11-24,2925
2949,2025-11-25,2309
2949,2025-11-26,2870
2949,2025-11-27,9261
2949,2025-11-28,2536
2949,2025-11-29,1582
2949,2025-11-30,1407
2949,2025-12-01,2125
2949,2025-12-02,2269
2949,2025-12-03,2413
2949,2025-12-04,10835
2949,2025-12-05,3839
2949,2025-12-06,2121
2949,2025-12-07,1925
2949,2025-12-08,2185
2949,2025-12-09,2068
2949,2025-12-10,2401
2949,2025-12-11,10124
2949,2025-12-12,3168
2949,2025-12-13,2279
2949,2025-12-14,1796
2949,2025-12-15,2125
2949,2025-12-16,2426
2949,2025-12-17,2770
2949,2025-12-18,10154
2949,2025-12-19,3865
2949,2025-12-20,2482
2949,2025-12-21,3984
2992,2025-11-22,0
2992,2025-11-23,1
2992,2025-11-24,0
2992,2025-11-25,0
2992,2025-11-26,2
2992,2025-11-27,2
2992,2025-11-28,2
2992,2025-11-29,2
2992,2025-11-30,2
2992,2025-12-01,2
2992,2025-12-02,2
2992,2025-12-03,0
2992,2025-12-04,0
2992,2025-12-05,0
2992,2025-12-06,0
2992,2025-12-07,0
2992,2025-12-08,0
2992,2025-12-09,0
2992,2025-12-10,0
2992,2025-12-11,3
2992,2025-12-12,0
2992,2025-12-13,0
2992,2025-12-14,0
2992,2025-12-15,0
2992,2025-12-16,0
2992,2025-12-17,0
2992,2025-12-18,0
2992,2025-12-19,0
2992,2025-12-20,0
2992,2025-12-21,0
3127,2025-11-22,0
3127,2025-11-23,0
3127,2025-11-24,0
3127,2025-11-25,0
3127,2025-11-26,0
3127,2025-11-27,0
3127,2025-11-28,0
3127,2025-11-29,0
3127,2025-11-30,0
3127,2025-12-01,0
3127,2025-12-02,0
3127,2025-12-03,0
3127,2025-12-04,0
3127,2025-12-05,0
3127,2025-12-06,0
3127,2025-12-07,0
3127,2025-12-08,0
3127,2025-12-09,0
3127,2025-12-10,0
3127,2025-12-11,0
3127,2025-12-12,0
3127,2025-12-13,0
3127,2025-12-14,0
3127,2025-12-15,0
3127,2025-12-16,0
3127,2025-12-17,0
3127,2025-12-18,0
3127,2025-12-19,0
3127,2025-12-20,0
3127,2025-12-21,0
3140,2025-11-22,110
3140,2025-11-23,153
3140,2025-11-24,102
3140,2025-11-25,80
3140,2025-11-26,142
3140,2025-11-27,422
3140,2025-11-28,99
3140,2025-11-29,33
3140,2025-11-30,53
3140,2025-12-01,72
3140,2025-12-02,75
3140,2025-12-03,120
3140,2025-12-04,509
3140,2025-12-05,126
3140,2025-12-06,75
3140,2025-12-07,77
3140,2025-12-08,66
3140,2025-12-09,79
3140,2025-12-10,154
3140,2025-12-11,509
3140,2025-12-12,126
3140,2025-12-13,90
3140,2025-12-14,75
3140,2025-12-15,99
3140,2025-12-16,108
3140,2025-12-17,180
3140,2025-12-18,477
3140,2025-12-19,145
3140,2025-12-20,105
3140,2025-12-21,76
3333,2025-11-22,663
3333,2025-11-23,627
3333,2025-11-24,537
3333,2025-11-25,627
3333,2025-11-26,736
3333,2025-11-27,1153
3333,2025-11-28,363
3333,2025-11-29,295
3333,2025-11-30,250
3333,2025-12-01,312
3333,2025-12-02,352
3333,2025-12-03,481
3333,2025-12-04,977
3333,2025-12-05,293
3333,2025-12-06,317
3333,2025-12-07,306
3333,2025-12-08,324
3333,2025-12-09,289
3333,2025-12-10,445
3333,2025-12-11,1060
3333,2025-12-12,316
3333,2025-12-13,286
3333,2025-12-14,255
3333,2025-12-15,299
3333,2025-12-16,343
3333,2025-12-17,433
3333,2025-12-18,829
3333,2025-12-19,306
3333,2025-12-20,274
3333,2025-12-21,199
3365,2025-11-22,497
3365,2025-11-23,988
3365,2025-11-24,745
3365,2025-11-25,732
3365,2025-11-26,1015
3365,2025-11-27,2637
3365,2025-11-28,758
3365,2025-11-29,397
3365,2025-11-30,450
3365,2025-12-01,499
3365,2025-12-02,464
3365,2025-12-03,721
3365,2025-12-04,3481
3365,2025-12-05,1206
3365,2025-12-06,498
3365,2025-12-07,442
3365,2025-12-08,479
3365,2025-12-09,551
3365,2025-12-10,685
3365,2025-12-11,3285
3365,2025-12-12,898
3365,2025-12-13,498
3365,2025-12-14,480
3365,2025-12-15,599
3365,2025-12-16,602
3365,2025-12-17,918
3365,2025-12-18,3186
3365,2025-12-19,1032
3365,2025-12-20,556
3365,2025-12-21,500
3523,2025-11-22,4456
3523,2025-11-23,3993
3523,2025-11-24,3282
3523,2025-11-25,3551
3523,2025-11-26,5696
3523,2025-11-27,6084
3523,2025-11-28,2297
3523,2025-11-29,1806
3523,2025-11-30,1933
3523,2025-12-01,1668
3523,2025-12-02,1944
3523,2025-12-03,3318
3523,2025-12-04,5539
3523,2025-12-05,1968
3523,2025-12-06,1999
3523,2025-12-07,1967
3523,2025-12-08,1817
3523,2025-12-09,1851
3523,2025-12-10,3085
3523,2025-12-11,5199
3523,2025-12-12,2264
3523,2025-12-13,1710
3523,2025-12-14,1634
3523,2025-12-15,1597
3523,2025-12-16,2056
3523,2025-12-17,3062
3523,2025-12-18,3689
3523,2025-12-19,2033
3523,2025-12-20,1630
3523,2025-12-21,933
3892,2025-11-22,474
3892,2025-11-23,528
3892,2025-11-24,510
3892,2025-11-25,552
3892,2025-11-26,834
3892,2025-11-27,977
3892,2025-11-28,494
3892,2025-11-29,389
3892,2025-11-30,406
3892,2025-12-01,333
3892,2025-12-02,360
3892,2025-12-03,648
3892,2025-12-04,1206
3892,2025-12-05,533
3892,2025-12-06,364
3892,2025-12-07,338
3892,2025-12-08,312
3892,2025-12-09,347
3892,2025-12-10,520
3892,2025-12-11,955
3892,2025-12-12,399
3892,2025-12-13,267
3892,2025-12-14,267
3892,2025-12-15,286
3892,2025-12-16,337
3892,2025-12-17,574
3892,2025-12-18,648
3892,2025-12-19,319
3892,2025-12-20,299
3892,2025-12-21,197
4198,2025-11-22,203
4198,2025-11-23,203
4198,2025-11-24,148
4198,2025-11-25,104
4198,2025-11-26,137
4198,2025-11-27,326
4198,2025-11-28,77
4198,2025-11-29,79
4198,2025-11-30,77
4198,2025-12-01,66
4198,2025-12-02,84
4198,2025-12-03,147
4198,2025-12-04,416
4198,2025-12-05,77
4198,2025-12-06,63
4198,2025-12-07,54
4198,2025-12-08,62
4198,2025-12-09,65
4198,2025-12-10,99
4198,2025-12-11,316
4198,2025-12-12,81
4198,2025-12-13,65
4198,2025-12-14,53
4198,2025-12-15,78
4198,2025-12-16,68
4198,2025-12-17,94
4198,2025-12-18,269
4198,2025-12-19,75
4198,2025-12-20,52
4198,2025-12-21,36
4235,2025-11-22,558
4235,2025-11-23,489
4235,2025-11-24,405
4235,2025-11-25,401
4235,2025-11-26,653
4235,2025-11-27,698
4235,2025-11-28,324
4235,2025-11-29,289
4235,2025-11-30,287
4235,2025-12-01,270
4235,2025-12-02,291
4235,2025-12-03,513
4235,2025-12-04,1011
4235,2025-12-05,364
4235,2025-12-06,319
4235,2025-12-07,248
4235,2025-12-08,264
4235,2025-12-09,251
4235,2025-12-10,414
4235,2025-12-11,765
4235,2025-12-12,308
4235,2025-12-13,206
4235,2025-12-14,187
4235,2025-12-15,213
4235,2025-12-16,264
4235,2025-12-17,400
4235,2025-12-18,517
4235,2025-12-19,230
4235,2025-12-20,192
4235,2025-12-21,129
4324,2025-11-22,4932
4324,2025-11-23,4711
4324,2025-11-24,3669
4324,2025-11-25,3938
4324,2025-11-26,6159
4324,2025-11-27,9252
4324,2025-11-28,2589
4324,2025-11-29,2179
4324,2025-11-30,1825
4324,2025-12-01,1988
4324,2025-12-02,2105
4324,2025-12-03,4102
4324,2025-12-04,9126
4324,2025-12-05,2120
4324,2025-12-06,1539
4324,2025-12-07,1533
4324,2025-12-08,1527
4324,2025-12-09,1623
4324,2025-12-10,3304
4324,2025-12-11,8088
4324,2025-12-12,2351
4324,2025-12-13,1483
4324,2025-12-14,1362
4324,2025-12-15,1452
4324,2025-12-16,1891
4324,2025-12-17,3159
4324,2025-12-18,5189
4324,2025-12-19,2316
4324,2025-12-20,1741
4324,2025-12-21,1144
4541,2025-11-22,21
4541,2025-11-23,29
4541,2025-11-24,21
4541,2025-11-25,22
4541,2025-11-26,27
4541,2025-11-27,63
4541,2025-11-28,8
4541,2025-11-29,8
4541,2025-11-30,10
4541,2025-12-01,11
4541,2025-12-02,18
4541,2025-12-03,9
4541,2025-12-04,61
4541,2025-12-05,4
4541,2025-12-06,4
4541,2025-12-07,4
4541,2025-12-08,1
4541,2025-12-09,9
4541,2025-12-10,7
4541,2025-12-11,34
4541,2025-12-12,1
4541,2025-12-13,1
4541,2025-12-14,1
4541,2025-12-15,1
4541,2025-12-16,2
4541,2025-12-17,2
4541,2025-12-18,26
4541,2025-12-19,12
4541,2025-12-20,5
4541,2025-12-21,5
4609,2025-11-22,272
4609,2025-11-23,459
4609,2025-11-24,420
4609,2025-11-25,327
4609,2025-11-26,358
4609,2025-11-27,918
4609,2025-11-28,454
4609,2025-11-29,199
4609,2025-11-30,252
4609,2025-12-01,253
4609,2025-12-02,310
4609,2025-12-03,314
4609,2025-12-04,1170
4609,2025-12-05,388
4609,2025-12-06,262
4609,2025-12-07,259
4609,2025-12-08,263
4609,2025-12-09,262
4609,2025-12-10,314
4609,2025-12-11,946
4609,2025-12-12,323
4609,2025-12-13,237
4609,2025-12-14,228
4609,2025-12-15,282
4609,2025-12-16,284
4609,2025-12-17,323
4609,2025-12-18,1035
4609,2025-12-19,468
4609,2025-12-20,252
4609,2025-12-21,225
4655,2025-11-22,5376
4655,2025-11-23,4909
4655,2025-11-24,4333
4655,2025-11-25,4589
4655,2025-11-26,6543
4655,2025-11-27,7359
4655,2025-11-28,3261
4655,2025-11-29,2699
4655,2025-11-30,2791
4655,2025-12-01,2776
4655,2025-12-02,2665
4655,2025-12-03,4986
4655,2025-12-04,8553
4655,2025-12-05,3162
4655,2025-12-06,3082
4655,2025-12-07,3157
4655,2025-12-08,2904
4655,2025-12-09,2994
4655,2025-12-10,4437
4655,2025-12-11,7566
4655,2025-12-12,2807
4655,2025-12-13,2605
4655,2025-12-14,2456
4655,2025-12-15,2535
4655,2025-12-16,2708
4655,2025-12-17,3816
4655,2025-12-18,4541
4655,2025-12-19,2730
4655,2025-12-20,2642
4655,2025-12-21,1812
4756,2025-11-22,796
4756,2025-11-23,726
4756,2025-11-24,620
4756,2025-11-25,712
4756,2025-11-26,966
4756,2025-11-27,1186
4756,2025-11-28,480
4756,2025-11-29,403
4756,2025-11-30,399
4756,2025-12-01,388
4756,2025-12-02,423
4756,2025-12-03,745
4756,2025-12-04,1423
4756,2025-12-05,562
4756,2025-12-06,433
4756,2025-12-07,389
4756,2025-12-08,367
4756,2025-12-09,436
4756,2025-12-10,628
4756,2025-12-11,1152
4756,2025-12-12,476
4756,2025-12-13,340
4756,2025-12-14,324
4756,2025-12-15,369
4756,2025-12-16,423
4756,2025-12-17,709
4756,2025-12-18,815
4756,2025-12-19,417
4756,2025-12-20,335
4756,2025-12-21,242
4791,2025-11-22,2476
4791,2025-11-23,2100
4791,2025-11-24,2227
4791,2025-11-25,2378
4791,2025-11-26,3365
4791,2025-11-27,3430
4791,2025-11-28,893
4791,2025-11-29,932
4791,2025-11-30,1048
4791,2025-12-01,951
4791,2025-12-02,1307
4791,2025-12-03,2111
4791,2025-12-04,3123
4791,2025-12-05,928
4791,2025-12-06,1126
4791,2025-12-07,989
4791,2025-12-08,895
4791,2025-12-09,1098
4791,2025-12-10,2025
4791,2025-12-11,3858
4791,2025-12-12,1223
4791,2025-12-13,892
4791,2025-12-14,730
4791,2025-12-15,806
4791,2025-12-16,1151
4791,2025-12-17,1644
4791,2025-12-18,1820
4791,2025-12-19,944
4791,2025-12-20,734
4791,2025-12-21,540
4797,2025-11-22,0
4797,2025-11-23,0
4797,2025-11-24,0
4797,2025-11-25,0
4797,2025-11-26,0
4797,2025-11-27,0
4797,2025-11-28,0
4797,2025-11-29,0
4797,2025-11-30,0
4797,2025-12-01,0
4797,2025-12-02,0
4797,2025-12-03,0
4797,2025-12-04,0
4797,2025-12-05,0
4797,2025-12-06,0
4797,2025-12-07,0
4797,2025-12-08,0
4797,2025-12-09,0
4797,2025-12-10,0
4797,2025-12-11,0
4797,2025-12-12,0
4797,2025-12-13,0
4797,2025-12-14,0
4797,2025-12-15,0
4797,2025-12-16,0
4797,2025-12-17,0
4797,2025-12-18,0
4797,2025-12-19,0
4797,2025-12-20,0
4797,2025-12-21,0
4981,2025-11-22,185
4981,2025-11-23,341
4981,2025-11-24,252
4981,2025-11-25,236
4981,2025-11-26,394
4981,2025-11-27,872
4981,2025-11-28,269
4981,2025-11-29,189
4981,2025-11-30,183
4981,2025-12-01,206
4981,2025-12-02,221
4981,2025-12-03,298
4981,2025-12-04,1115
4981,2025-12-05,358
4981,2025-12-06,224
4981,2025-12-07,220
4981,2025-12-08,241
4981,2025-12-09,252
4981,2025-12-10,373
4981,2025-12-11,1411
4981,2025-12-12,382
4981,2025-12-13,216
4981,2025-12-14,203
4981,2025-12-15,274
4981,2025-12-16,286
4981,2025-12-17,382
4981,2025-12-18,1125
4981,2025-12-19,429
4981,2025-12-20,234
4981,2025-12-21,197
4995,2025-11-22,43110
4995,2025-11-23,42791
4995,2025-11-24,46941
4995,2025-11-25,50095
4995,2025-11-26,51877
4995,2025-11-27,43753
4995,2025-11-28,21136
4995,2025-11-29,24698
4995,2025-11-30,25300
4995,2025-12-01,27027
4995,2025-12-02,29941
4995,2025-12-03,31941
4995,2025-12-04,36290
4995,2025-12-05,25134
4995,2025-12-06,27516
4995,2025-12-07,27560
4995,2025-12-08,27767
4995,2025-12-09,32390
4995,2025-12-10,31416
4995,2025-12-11,36167
4995,2025-12-12,25888
4995,2025-12-13,28384
4995,2025-12-14,28172
4995,2025-12-15,30642
4995,2025-12-16,35333
4995,2025-12-17,38033
4995,2025-12-18,36251
4995,2025-12-19,27545
4995,2025-12-20,26149
4995,2025-12-21,20519
5297,2025-11-22,1491
5297,2025-11-23,1190
5297,2025-11-24,1111
5297,2025-11-25,1118
5297,2025-11-26,1302
5297,2025-11-27,1442
5297,2025-11-28,513
5297,2025-11-29,364
5297,2025-11-30,514
5297,2025-12-01,521
5297,2025-12-02,647
5297,2025-12-03,834
5297,2025-12-04,1640
5297,2025-12-05,527
5297,2025-12-06,507
5297,2025-12-07,540
5297,2025-12-08,461
5297,2025-12-09,513
5297,2025-12-10,757
5297,2025-12-11,1559
5297,2025-12-12,712
5297,2025-12-13,486
5297,2025-12-14,446
5297,2025-12-15,415
5297,2025-12-16,461
5297,2025-12-17,671
5297,2025-12-18,870
5297,2025-12-19,351
5297,2025-12-20,448
5297,2025-12-21,345
5303,2025-11-22,0
5303,2025-11-23,0
5303,2025-11-24,0
5303,2025-11-25,0
5303,2025-11-26,0
5303,2025-11-27,0
5303,2025-11-28,0
5303,2025-11-29,0
5303,2025-11-30,0
5303,2025-12-01,0
5303,2025-12-02,0
5303,2025-12-03,0
5303,2025-12-04,0
5303,2025-12-05,0
5303,2025-12-06,0
5303,2025-12-07,0
5303,2025-12-08,0
5303,2025-12-09,0
5303,2025-12-10,0
5303,2025-12-11,0
5303,2025-12-12,0
5303,2025-12-13,0
5303,2025-12-14,0
5303,2025-12-15,0
5303,2025-12-16,0
5303,2025-12-17,0
5303,2025-12-18,0
5303,2025-12-19,0
5303,2025-12-20,0
5303,2025-12-21,0
5413,2025-11-22,9483
5413,2025-11-23,8782
5413,2025-11-24,7392
5413,2025-11-25,7932
5413,2025-11-26,11014
5413,2025-11-27,11279
5413,2025-11-28,3965
5413,2025-11-29,3782
5413,2025-11-30,3303
5413,2025-12-01,3523
5413,2025-12-02,4252
5413,2025-12-03,6109
5413,2025-12-04,9813
5413,2025-12-05,4008
5413,2025-12-06,4293
5413,2025-12-07,3854
5413,2025-12-08,3323
5413,2025-12-09,3350
5413,2025-12-10,5725
5413,2025-12-11,10878
5413,2025-12-12,5035
5413,2025-12-13,4341
5413,2025-12-14,3529
5413,2025-12-15,3446
5413,2025-12-16,3616
5413,2025-12-17,5584
5413,2025-12-18,6850
5413,2025-12-19,3576
5413,2025-12-20,2593
5413,2025-12-21,1894
5414,2025-11-22,1040
5414,2025-11-23,1027
5414,2025-11-24,782
5414,2025-11-25,831
5414,2025-11-26,1428
5414,2025-11-27,2311
5414,2025-11-28,873
5414,2025-11-29,472
5414,2025-11-30,449
5414,2025-12-01,482
5414,2025-12-02,483
5414,2025-12-03,858
5414,2025-12-04,2042
5414,2025-12-05,555
5414,2025-12-06,538
5414,2025-12-07,537
5414,2025-12-08,548
5414,2025-12-09,594
5414,2025-12-10,806
5414,2025-12-11,1897
5414,2025-12-12,610
5414,2025-12-13,476
5414,2025-12-14,458
5414,2025-12-15,516
5414,2025-12-16,636
5414,2025-12-17,910
5414,2025-12-18,1553
5414,2025-12-19,594
5414,2025-12-20,480
5414,2025-12-21,391
5529,2025-11-22,0
5529,2025-11-23,0
5529,2025-11-24,0
5529,2025-11-25,0
5529,2025-11-26,0
5529,2025-11-27,1
5529,2025-11-28,0
5529,2025-11-29,0
5529,2025-11-30,0
5529,2025-12-01,0
5529,2025-12-02,0
5529,2025-12-03,0
5529,2025-12-04,0
5529,2025-12-05,0
5529,2025-12-06,0
5529,2025-12-07,1
5529,2025-12-08,1
5529,2025-12-09,0
5529,2025-12-10,0
5529,2025-12-11,1
5529,2025-12-12,0
5529,2025-12-13,0
5529,2025-12-14,0
5529,2025-12-15,0
5529,2025-12-16,0
5529,2025-12-17,0
5529,2025-12-18,0
5529,2025-12-19,0
5529,2025-12-20,0
5529,2025-12-21,0
5640,2025-11-22,1795
5640,2025-11-23,1776
5640,2025-11-24,1276
5640,2025-11-25,1296
5640,2025-11-26,1945
5640,2025-11-27,2906
5640,2025-11-28,1003
5640,2025-11-29,957
5640,2025-11-30,1019
5640,2025-12-01,1096
5640,2025-12-02,956
5640,2025-12-03,1635
5640,2025-12-04,3413
5640,2025-12-05,1249
5640,2025-12-06,1064
5640,2025-12-07,1087
5640,2025-12-08,999
5640,2025-12-09,1082
5640,2025-12-10,1558
5640,2025-12-11,3259
5640,2025-12-12,1110
5640,2025-12-13,656
5640,2025-12-14,639
5640,2025-12-15,739
5640,2025-12-16,836
5640,2025-12-17,1461
5640,2025-12-18,2121
5640,2025-12-19,839
5640,2025-12-20,597
5640,2025-12-21,438
5799,2025-11-22,0
5799,2025-11-23,0
5799,2025-11-24,0
5799,2025-11-25,0
5799,2025-11-26,0
5799,2025-11-27,0
5799,2025-11-28,0
5799,2025-11-29,0
5799,2025-11-30,0
5799,2025-12-01,0
5799,2025-12-02,0
5799,2025-12-03,0
5799,2025-12-04,0
5799,2025-12-05,0
5799,2025-12-06,0
5799,2025-12-07,0
5799,2025-12-08,0
5799,2025-12-09,0
5799,2025-12-10,0
5799,2025-12-11,0
5799,2025-12-12,0
5799,2025-12-13,0
5799,2025-12-14,0
5799,2025-12-15,0
5799,2025-12-16,0
5799,2025-12-17,0
5799,2025-12-18,0
5799,2025-12-19,0
5799,2025-12-20,0
5799,2025-12-21,0
5927,2025-11-22,1002
5927,2025-11-23,954
5927,2025-11-24,688
5927,2025-11-25,719
5927,2025-11-26,900
5927,2025-11-27,1283
5927,2025-11-28,441
5927,2025-11-29,340
5927,2025-11-30,314
5927,2025-12-01,274
5927,2025-12-02,362
5927,2025-12-03,610
5927,2025-12-04,1191
5927,2025-12-05,350
5927,2025-12-06,321
5927,2025-12-07,310
5927,2025-12-08,263
5927,2025-12-09,284
5927,2025-12-10,479
5927,2025-12-11,788
5927,2025-12-12,266
5927,2025-12-13,228
5927,2025-12-14,204
5927,2025-12-15,233
5927,2025-12-16,425
5927,2025-12-17,564
5927,2025-12-18,618
5927,2025-12-19,234
5927,2025-12-20,176
5927,2025-12-21,150
5986,2025-11-22,560
5986,2025-11-23,1222
5986,2025-11-24,818
5986,2025-11-25,651
5986,2025-11-26,847
5986,2025-11-27,2917
5986,2025-11-28,948
5986,2025-11-29,711
5986,2025-11-30,605
5986,2025-12-01,637
5986,2025-12-02,704
5986,2025-12-03,1139
5986,2025-12-04,4794
5986,2025-12-05,1030
5986,2025-12-06,677
5986,2025-12-07,616
5986,2025-12-08,659
5986,2025-12-09,744
5986,2025-12-10,1073
5986,2025-12-11,4335
5986,2025-12-12,1147
5986,2025-12-13,713
5986,2025-12-14,658
5986,2025-12-15,799
5986,2025-12-16,834
5986,2025-12-17,1288
5986,2025-12-18,4354
5986,2025-12-19,1213
5986,2025-12-20,869
5986,2025-12-21,542
6093,2025-11-22,461
6093,2025-11-23,465
6093,2025-11-24,430
6093,2025-11-25,413
6093,2025-11-26,518
6093,2025-11-27,1118
6093,2025-11-28,590
6093,2025-11-29,283
6093,2025-11-30,254
6093,2025-12-01,309
6093,2025-12-02,361
6093,2025-12-03,574
6093,2025-12-04,1046
6093,2025-12-05,704
6093,2025-12-06,372
6093,2025-12-07,313
6093,2025-12-08,324
6093,2025-12-09,362
6093,2025-12-10,436
6093,2025-12-11,1012
6093,2025-12-12,500
6093,2025-12-13,437
6093,2025-12-14,346
6093,2025-12-15,344
6093,2025-12-16,385
6093,2025-12-17,511
6093,2025-12-18,726
6093,2025-12-19,367
6093,2025-12-20,306
6093,2025-12-21,237
6197,2025-11-22,4
6197,2025-11-23,4
6197,2025-11-24,0
6197,2025-11-25,5
6197,2025-11-26,0
6197,2025-11-27,0
6197,2025-11-28,0
6197,2025-11-29,0
6197,2025-11-30,0
6197,2025-12-01,0
6197,2025-12-02,0
6197,2025-12-03,0
6197,2025-12-04,2
6197,2025-12-05,0
6197,2025-12-06,0
6197,2025-12-07,0
6197,2025-12-08,0
6197,2025-12-09,0
6197,2025-12-10,0
6197,2025-12-11,0
6197,2025-12-12,0
6197,2025-12-13,0
6197,2025-12-14,0
6197,2025-12-15,0
6197,2025-12-16,0
6197,2025-12-17,0
6197,2025-12-18,0
6197,2025-12-19,0
6197,2025-12-20,0
6197,2025-12-21,0
6248,2025-11-22,1547
6248,2025-11-23,1459
6248,2025-11-24,1301
6248,2025-11-25,1467
6248,2025-11-26,2373
6248,2025-11-27,3438
6248,2025-11-28,1116
6248,2025-11-29,717
6248,2025-11-30,799
6248,2025-12-01,765
6248,2025-12-02,841
6248,2025-12-03,1393
6248,2025-12-04,3169
6248,2025-12-05,1292
6248,2025-12-06,1041
6248,2025-12-07,1012
6248,2025-12-08,834
6248,2025-12-09,1011
6248,2025-12-10,1470
6248,2025-12-11,3441
6248,2025-12-12,960
6248,2025-12-13,862
6248,2025-12-14,855
6248,2025-12-15,847
6248,2025-12-16,971
6248,2025-12-17,1322
6248,2025-12-18,2015
6248,2025-12-19,866
6248,2025-12-20,803
6248,2025-12-21,645
6268,2025-11-22,2505
6268,2025-11-23,2391
6268,2025-11-24,2212
6268,2025-11-25,2425
6268,2025-11-26,3735
6268,2025-11-27,4555
6268,2025-11-28,1758
6268,2025-11-29,1505
6268,2025-11-30,1410
6268,2025-12-01,1505
6268,2025-12-02,1341
6268,2025-12-03,2444
6268,2025-12-04,4207
6268,2025-12-05,1635
6268,2025-12-06,1344
6268,2025-12-07,1299
6268,2025-12-08,1259
6268,2025-12-09,1353
6268,2025-12-10,2316
6268,2025-12-11,4093
6268,2025-12-12,1557
6268,2025-12-13,1053
6268,2025-12-14,939
6268,2025-12-15,1027
6268,2025-12-16,1309
6268,2025-12-17,2380
6268,2025-12-18,2652
6268,2025-12-19,1404
6268,2025-12-20,974
6268,2025-12-21,823
6520,2025-11-22,4244
6520,2025-11-23,3708
6520,2025-11-24,3528
6520,2025-11-25,3813
6520,2025-11-26,3770
6520,2025-11-27,3323
6520,2025-11-28,1856
6520,2025-11-29,1870
6520,2025-11-30,1919
6520,2025-12-01,2561
6520,2025-12-02,2637
6520,2025-12-03,2999
6520,2025-12-04,4049
6520,2025-12-05,2180
6520,2025-12-06,2706
6520,2025-12-07,2849
6520,2025-12-08,2722
6520,2025-12-09,3282
6520,2025-12-10,3242
6520,2025-12-11,4007
6520,2025-12-12,2406
6520,2025-12-13,2445
6520,2025-12-14,2387
6520,2025-12-15,2953
6520,2025-12-16,3491
6520,2025-12-17,4159
6520,2025-12-18,4157
6520,2025-12-19,2989
6520,2025-12-20,2888
6520,2025-12-21,1663
6593,2025-11-22,0
6593,2025-11-23,0
6593,2025-11-24,0
6593,2025-11-25,0
6593,2025-11-26,0
6593,2025-11-27,1
6593,2025-11-28,0
6593,2025-11-29,0
6593,2025-11-30,0
6593,2025-12-01,0
6593,2025-12-02,0
6593,2025-12-03,0
6593,2025-12-04,0
6593,2025-12-05,0
6593,2025-12-06,0
6593,2025-12-07,0
6593,2025-12-08,0
6593,2025-12-09,0
6593,2025-12-10,0
6593,2025-12-11,0
6593,2025-12-12,0
6593,2025-12-13,0
6593,2025-12-14,1
6593,2025-12-15,0
6593,2025-12-16,0
6593,2025-12-17,0
6593,2025-12-18,0
6593,2025-12-19,0
6593,2025-12-20,0
6593,2025-12-21,0
6886,2025-11-22,3102
6886,2025-11-23,2960
6886,2025-11-24,2844
6886,2025-11-25,2574
6886,2025-11-26,3366
6886,2025-11-27,4045
6886,2025-11-28,1596
6886,2025-11-29,1436
6886,2025-11-30,1568
6886,2025-12-01,1885
6886,2025-12-02,1819
6886,2025-12-03,2947
6886,2025-12-04,4723
6886,2025-12-05,2024
6886,2025-12-06,1758
6886,2025-12-07,1680
6886,2025-12-08,1672
6886,2025-12-09,1740
6886,2025-12-10,2407
6886,2025-12-11,4348
6886,2025-12-12,1748
6886,2025-12-13,1478
6886,2025-12-14,1303
6886,2025-12-15,1442
6886,2025-12-16,1986
6886,2025-12-17,2343
6886,2025-12-18,3049
6886,2025-12-19,1550
6886,2025-12-20,1528
6886,2025-12-21,1085
7039,2025-11-22,28
7039,2025-11-23,18
7039,2025-11-24,31
7039,2025-11-25,16
7039,2025-11-26,22
7039,2025-11-27,21
7039,2025-11-28,17
7039,2025-11-29,20
7039,2025-11-30,20
7039,2025-12-01,21
7039,2025-12-02,23
7039,2025-12-03,29
7039,2025-12-04,52
7039,2025-12-05,20
7039,2025-12-06,25
7039,2025-12-07,23
7039,2025-12-08,22
7039,2025-12-09,23
7039,2025-12-10,25
7039,2025-12-11,34
7039,2025-12-12,21
7039,2025-12-13,22
7039,2025-12-14,21
7039,2025-12-15,27
7039,2025-12-16,26
7039,2025-12-17,28
7039,2025-12-18,37
7039,2025-12-19,27
7039,2025-12-20,29
7039,2025-12-21,25
7127,2025-11-22,3768
7127,2025-11-23,3494
7127,2025-11-24,2867
7127,2025-11-25,3256
7127,2025-11-26,4908
7127,2025-11-27,6538
7127,2025-11-28,2564
7127,2025-11-29,1806
7127,2025-11-30,1657
7127,2025-12-01,1943
7127,2025-12-02,2210
7127,2025-12-03,3612
7127,2025-12-04,6145
7127,2025-12-05,2580
7127,2025-12-06,1917
7127,2025-12-07,1800
7127,2025-12-08,1818
7127,2025-12-09,1896
7127,2025-12-10,2803
7127,2025-12-11,5506
7127,2025-12-12,1966
7127,2025-12-13,1599
7127,2025-12-14,1476
7127,2025-12-15,1715
7127,2025-12-16,1986
7127,2025-12-17,2911
7127,2025-12-18,3978
7127,2025-12-19,2050
7127,2025-12-20,1858
7127,2025-12-21,1192
7201,2025-11-22,392
7201,2025-11-23,301
7201,2025-11-24,369
7201,2025-11-25,445
7201,2025-11-26,766
7201,2025-11-27,850
7201,2025-11-28,357
7201,2025-11-29,238
7201,2025-11-30,198
7201,2025-12-01,196
7201,2025-12-02,230
7201,2025-12-03,438
7201,2025-12-04,753
7201,2025-12-05,253
7201,2025-12-06,280
7201,2025-12-07,238
7201,2025-12-08,227
7201,2025-12-09,269
7201,2025-12-10,379
7201,2025-12-11,720
7201,2025-12-12,297
7201,2025-12-13,219
7201,2025-12-14,197
7201,2025-12-15,208
7201,2025-12-16,255
7201,2025-12-17,347
7201,2025-12-18,610
7201,2025-12-19,262
7201,2025-12-20,216
7201,2025-12-21,128
7221,2025-11-22,796
7221,2025-11-23,704
7221,2025-11-24,610
7221,2025-11-25,742
7221,2025-11-26,989
7221,2025-11-27,1366
7221,2025-11-28,515
7221,2025-11-29,409
7221,2025-11-30,443
7221,2025-12-01,471
7221,2025-12-02,465
7221,2025-12-03,841
7221,2025-12-04,1594
7221,2025-12-05,580
7221,2025-12-06,464
7221,2025-12-07,464
7221,2025-12-08,440
7221,2025-12-09,480
7221,2025-12-10,666
7221,2025-12-11,1394
7221,2025-12-12,511
7221,2025-12-13,407
7221,2025-12-14,387
7221,2025-12-15,412
7221,2025-12-16,487
7221,2025-12-17,727
7221,2025-12-18,1228
7221,2025-12-19,493
7221,2025-12-20,388
7221,2025-12-21,278
7274,2025-11-22,3956
7274,2025-11-23,3753
7274,2025-11-24,2969
7274,2025-11-25,2916
7274,2025-11-26,5611
7274,2025-11-27,8006
7274,2025-11-28,2027
7274,2025-11-29,1479
7274,2025-11-30,1280
7274,2025-12-01,1720
7274,2025-12-02,1567
7274,2025-12-03,3396
7274,2025-12-04,7119
7274,2025-12-05,2241
7274,2025-12-06,1341
7274,2025-12-07,1255
7274,2025-12-08,1294
7274,2025-12-09,1724
7274,2025-12-10,2897
7274,2025-12-11,6261
7274,2025-12-12,2499
7274,2025-12-13,1750
7274,2025-12-14,1395
7274,2025-12-15,1234
7274,2025-12-16,1694
7274,2025-12-17,3104
7274,2025-12-18,4240
7274,2025-12-19,1532
7274,2025-12-20,1535
7274,2025-12-21,739
7339,2025-11-22,31742
7339,2025-11-23,27396
7339,2025-11-24,24938
7339,2025-11-25,26828
7339,2025-11-26,42252
7339,2025-11-27,43033
7339,2025-11-28,15748
7339,2025-11-29,14349
7339,2025-11-30,13518
7339,2025-12-01,13152
7339,2025-12-02,16223
7339,2025-12-03,30779
7339,2025-12-04,43605
7339,2025-12-05,16355
7339,2025-12-06,13505
7339,2025-12-07,11916
7339,2025-12-08,12328
7339,2025-12-09,15603
7339,2025-12-10,26352
7339,2025-12-11,38110
7339,2025-12-12,14181
7339,2025-12-13,11527
7339,2025-12-14,11787
7339,2025-12-15,11991
7339,2025-12-16,13266
7339,2025-12-17,21389
7339,2025-12-18,23547
7339,2025-12-19,13147
7339,2025-12-20,10122
7339,2025-12-21,7316
7399,2025-11-22,1023
7399,2025-11-23,980
7399,2025-11-24,867
7399,2025-11-25,873
7399,2025-11-26,932
7399,2025-11-27,799
7399,2025-11-28,484
7399,2025-11-29,522
7399,2025-11-30,480
7399,2025-12-01,555
7399,2025-12-02,633
7399,2025-12-03,672
7399,2025-12-04,794
7399,2025-12-05,419
7399,2025-12-06,508
7399,2025-12-07,591
7399,2025-12-08,589
7399,2025-12-09,636
7399,2025-12-10,734
7399,2025-12-11,863
7399,2025-12-12,569
7399,2025-12-13,589
7399,2025-12-14,657
7399,2025-12-15,740
7399,2025-12-16,776
7399,2025-12-17,789
7399,2025-12-18,692
7399,2025-12-19,491
7399,2025-12-20,540
7399,2025-12-21,322
7412,2025-11-22,897
7412,2025-11-23,770
7412,2025-11-24,870
7412,2025-11-25,958
7412,2025-11-26,1042
7412,2025-11-27,899
7412,2025-11-28,504
7412,2025-11-29,539
7412,2025-11-30,553
7412,2025-12-01,592
7412,2025-12-02,545
7412,2025-12-03,714
7412,2025-12-04,1024
7412,2025-12-05,582
7412,2025-12-06,545
7412,2025-12-07,542
7412,2025-12-08,476
7412,2025-12-09,468
7412,2025-12-10,516
7412,2025-12-11,831
7412,2025-12-12,363
7412,2025-12-13,323
7412,2025-12-14,301
7412,2025-12-15,306
7412,2025-12-16,226
7412,2025-12-17,357
7412,2025-12-18,444
7412,2025-12-19,229
7412,2025-12-20,166
7412,2025-12-21,143
7562,2025-11-22,693
7562,2025-11-23,530
7562,2025-11-24,499
7562,2025-11-25,609
7562,2025-11-26,858
7562,2025-11-27,907
7562,2025-11-28,389
7562,2025-11-29,349
7562,2025-11-30,293
7562,2025-12-01,303
7562,2025-12-02,317
7562,2025-12-03,497
7562,2025-12-04,953
7562,2025-12-05,418
7562,2025-12-06,324
7562,2025-12-07,265
7562,2025-12-08,333
7562,2025-12-09,288
7562,2025-12-10,428
7562,2025-12-11,825
7562,2025-12-12,256
7562,2025-12-13,182
7562,2025-12-14,166
7562,2025-12-15,185
7562,2025-12-16,221
7562,2025-12-17,377
7562,2025-12-18,551
7562,2025-12-19,245
7562,2025-12-20,166
7562,2025-12-21,124
7619,2025-11-22,9098
7619,2025-11-23,8124
7619,2025-11-24,7573
7619,2025-11-25,8335
7619,2025-11-26,10506
7619,2025-11-27,12123
7619,2025-11-28,5222
7619,2025-11-29,5045
7619,2025-11-30,5249
7619,2025-12-01,5582
7619,2025-12-02,5988
7619,2025-12-03,8610
7619,2025-12-04,14285
7619,2025-12-05,5049
7619,2025-12-06,5902
7619,2025-12-07,5488
7619,2025-12-08,5180
7619,2025-12-09,5577
7619,2025-12-10,8133
7619,2025-12-11,12196
7619,2025-12-12,5708
7619,2025-12-13,6052
7619,2025-12-14,5766
7619,2025-12-15,6564
7619,2025-12-16,7298
7619,2025-12-17,9913
7619,2025-12-18,11858
7619,2025-12-19,6806
7619,2025-12-20,6476
7619,2025-12-21,4883
7651,2025-11-22,397
7651,2025-11-23,278
7651,2025-11-24,373
7651,2025-11-25,377
7651,2025-11-26,392
7651,2025-11-27,352
7651,2025-11-28,212
7651,2025-11-29,204
7651,2025-11-30,157
7651,2025-12-01,142
7651,2025-12-02,137
7651,2025-12-03,185
7651,2025-12-04,341
7651,2025-12-05,109
7651,2025-12-06,134
7651,2025-12-07,104
7651,2025-12-08,117
7651,2025-12-09,81
7651,2025-12-10,140
7651,2025-12-11,284
7651,2025-12-12,102
7651,2025-12-13,67
7651,2025-12-14,92
7651,2025-12-15,126
7651,2025-12-16,145
7651,2025-12-17,190
7651,2025-12-18,183
7651,2025-12-19,94
7651,2025-12-20,64
7651,2025-12-21,50
7810,2025-11-22,7338
7810,2025-11-23,6483
7810,2025-11-24,5633
7810,2025-11-25,6647
7810,2025-11-26,10385
7810,2025-11-27,12142
7810,2025-11-28,4155
7810,2025-11-29,3428
7810,2025-11-30,3688
7810,2025-12-01,3667
7810,2025-12-02,4116
7810,2025-12-03,6990
7810,2025-12-04,11159
7810,2025-12-05,4298
7810,2025-12-06,3688
7810,2025-12-07,3771
7810,2025-12-08,3460
7810,2025-12-09,3764
7810,2025-12-10,5908
7810,2025-12-11,11022
7810,2025-12-12,4375
7810,2025-12-13,3191
7810,2025-12-14,3030
7810,2025-12-15,3413
7810,2025-12-16,3944
7810,2025-12-17,5832
7810,2025-12-18,8624
7810,2025-12-19,4278
7810,2025-12-20,3118
7810,2025-12-21,1914
8043,2025-11-22,394
8043,2025-11-23,340
8043,2025-11-24,288
8043,2025-11-25,293
8043,2025-11-26,478
8043,2025-11-27,560
8043,2025-11-28,227
8043,2025-11-29,182
8043,2025-11-30,190
8043,2025-12-01,192
8043,2025-12-02,200
8043,2025-12-03,334
8043,2025-12-04,545
8043,2025-12-05,209
8043,2025-12-06,210
8043,2025-12-07,212
8043,2025-12-08,199
8043,2025-12-09,208
8043,2025-12-10,279
8043,2025-12-11,488
8043,2025-12-12,208
8043,2025-12-13,176
8043,2025-12-14,172
8043,2025-12-15,195
8043,2025-12-16,195
8043,2025-12-17,323
8043,2025-12-18,385
8043,2025-12-19,192
8043,2025-12-20,146
8043,2025-12-21,123
8234,2025-11-22,0
8234,2025-11-23,0
8234,2025-11-24,1
8234,2025-11-25,0
8234,2025-11-26,0
8234,2025-11-27,0
8234,2025-11-28,0
8234,2025-11-29,0
8234,2025-11-30,0
8234,2025-12-01,0
8234,2025-12-02,0
8234,2025-12-03,0
8234,2025-12-04,0
8234,2025-12-05,0
8234,2025-12-06,0
8234,2025-12-07,0
8234,2025-12-08,0
8234,2025-12-09,0
8234,2025-12-10,0
8234,2025-12-11,0
8234,2025-12-12,0
8234,2025-12-13,0
8234,2025-12-14,0
8234,2025-12-15,0
8234,2025-12-16,0
8234,2025-12-17,0
8234,2025-12-18,0
8234,2025-12-19,0
8234,2025-12-20,0
8234,2025-12-21,0
8304,2025-11-22,201
8304,2025-11-23,353
8304,2025-11-24,204
8304,2025-11-25,186
8304,2025-11-26,231
8304,2025-11-27,618
8304,2025-11-28,219
8304,2025-11-29,101
8304,2025-11-30,119
8304,2025-12-01,121
8304,2025-12-02,141
8304,2025-12-03,234
8304,2025-12-04,765
8304,2025-12-05,243
8304,2025-12-06,137
8304,2025-12-07,138
8304,2025-12-08,105
8304,2025-12-09,160
8304,2025-12-10,295
8304,2025-12-11,1155
8304,2025-12-12,232
8304,2025-12-13,136
8304,2025-12-14,143
8304,2025-12-15,177
8304,2025-12-16,183
8304,2025-12-17,293
8304,2025-12-18,753
8304,2025-12-19,221
8304,2025-12-20,148
8304,2025-12-21,128
8375,2025-11-22,386
8375,2025-11-23,305
8375,2025-11-24,231
8375,2025-11-25,231
8375,2025-11-26,321
8375,2025-11-27,324
8375,2025-11-28,129
8375,2025-11-29,142
8375,2025-11-30,131
8375,2025-12-01,151
8375,2025-12-02,215
8375,2025-12-03,264
8375,2025-12-04,562
8375,2025-12-05,132
8375,2025-12-06,187
8375,2025-12-07,155
8375,2025-12-08,144
8375,2025-12-09,187
8375,2025-12-10,285
8375,2025-12-11,633
8375,2025-12-12,197
8375,2025-12-13,101
8375,2025-12-14,89
8375,2025-12-15,118
8375,2025-12-16,192
8375,2025-12-17,276
8375,2025-12-18,400
8375,2025-12-19,167
8375,2025-12-20,119
8375,2025-12-21,81
8503,2025-11-22,0
8503,2025-11-23,0
8503,2025-11-24,0
8503,2025-11-25,0
8503,2025-11-26,0
8503,2025-11-27,0
8503,2025-11-28,0
8503,2025-11-29,0
8503,2025-11-30,0
8503,2025-12-01,0
8503,2025-12-02,0
8503,2025-12-03,0
8503,2025-12-04,0
8503,2025-12-05,0
8503,2025-12-06,0
8503,2025-12-07,0
8503,2025-12-08,0
8503,2025-12-09,0
8503,2025-12-10,0
8503,2025-12-11,0
8503,2025-12-12,0
8503,2025-12-13,0
8503,2025-12-14,0
8503,2025-12-15,0
8503,2025-12-16,0
8503,2025-12-17,0
8503,2025-12-18,0
8503,2025-12-19,0
8503,2025-12-20,0
8503,2025-12-21,0
8545,2025-11-22,2987
8545,2025-11-23,3006
8545,2025-11-24,3136
8545,2025-11-25,3351
8545,2025-11-26,5065
8545,2025-11-27,5840
8545,2025-11-28,2385
8545,2025-11-29,2065
8545,2025-11-30,1911
8545,2025-12-01,2295
8545,2025-12-02,2228
8545,2025-12-03,3569
8545,2025-12-04,5855
8545,2025-12-05,2467
8545,2025-12-06,1969
8545,2025-12-07,1901
8545,2025-12-08,2088
8545,2025-12-09,2247
8545,2025-12-10,3034
8545,2025-12-11,5905
8545,2025-12-12,2400
8545,2025-12-13,1941
8545,2025-12-14,1570
8545,2025-12-15,1603
8545,2025-12-16,1841
8545,2025-12-17,2579
8545,2025-12-18,3096
8545,2025-12-19,1810
8545,2025-12-20,1459
8545,2025-12-21,1049
8715,2025-11-22,2790
8715,2025-11-23,2824
8715,2025-11-24,2652
8715,2025-11-25,2875
8715,2025-11-26,3018
8715,2025-11-27,2648
8715,2025-11-28,1496
8715,2025-11-29,1394
8715,2025-11-30,1473
8715,2025-12-01,1804
8715,2025-12-02,1854
8715,2025-12-03,1891
8715,2025-12-04,2276
8715,2025-12-05,1393
8715,2025-12-06,1667
8715,2025-12-07,1736
8715,2025-12-08,1654
8715,2025-12-09,2152
8715,2025-12-10,2367
8715,2025-12-11,2974
8715,2025-12-12,1847
8715,2025-12-13,2094
8715,2025-12-14,1838
8715,2025-12-15,2313
8715,2025-12-16,2663
8715,2025-12-17,3193
8715,2025-12-18,2835
8715,2025-12-19,2026
8715,2025-12-20,2054
8715,2025-12-21,1426
8838,2025-11-22,437
8838,2025-11-23,297
8838,2025-11-24,444
8838,2025-11-25,453
8838,2025-11-26,725
8838,2025-11-27,801
8838,2025-11-28,270
8838,2025-11-29,198
8838,2025-11-30,199
8838,2025-12-01,226
8838,2025-12-02,241
8838,2025-12-03,363
8838,2025-12-04,746
8838,2025-12-05,310
8838,2025-12-06,370
8838,2025-12-07,334
8838,2025-12-08,280
8838,2025-12-09,387
8838,2025-12-10,366
8838,2025-12-11,814
8838,2025-12-12,280
8838,2025-12-13,179
8838,2025-12-14,165
8838,2025-12-15,219
8838,2025-12-16,243
8838,2025-12-17,300
8838,2025-12-18,539
8838,2025-12-19,268
8838,2025-12-20,175
8838,2025-12-21,142
8856,2025-11-22,625
8856,2025-11-23,854
8856,2025-11-24,611
8856,2025-11-25,526
8856,2025-11-26,794
8856,2025-11-27,2184
8856,2025-11-28,687
8856,2025-11-29,491
8856,2025-11-30,450
8856,2025-12-01,571
8856,2025-12-02,585
8856,2025-12-03,729
8856,2025-12-04,2640
8856,2025-12-05,940
8856,2025-12-06,610
8856,2025-12-07,604
8856,2025-12-08,614
8856,2025-12-09,642
8856,2025-12-10,961
8856,2025-12-11,3066
8856,2025-12-12,845
8856,2025-12-13,552
8856,2025-12-14,579
8856,2025-12-15,669
8856,2025-12-16,737
8856,2025-12-17,1207
8856,2025-12-18,2326
8856,2025-12-19,1071
8856,2025-12-20,746
8856,2025-12-21,696
8978,2025-11-22,30277
8978,2025-11-23,26019
8978,2025-11-24,24839
8978,2025-11-25,25565
8978,2025-11-26,35059
8978,2025-11-27,35217
8978,2025-11-28,14901
8978,2025-11-29,14947
8978,2025-11-30,13449
8978,2025-12-01,13386
8978,2025-12-02,13410
8978,2025-12-03,18849
8978,2025-12-04,26741
8978,2025-12-05,12697
8978,2025-12-06,12672
8978,2025-12-07,12585
8978,2025-12-08,11788
8978,2025-12-09,12814
8978,2025-12-10,20363
8978,2025-12-11,27664
8978,2025-12-12,12165
8978,2025-12-13,9959
8978,2025-12-14,9799
8978,2025-12-15,10304
8978,2025-12-16,11797
8978,2025-12-17,17217
8978,2025-12-18,21610
8978,2025-12-19,12653
8978,2025-12-20,8697
8978,2025-12-21,7263
8979,2025-11-22,513
8979,2025-11-23,448
8979,2025-11-24,318
8979,2025-11-25,332
8979,2025-11-26,758
8979,2025-11-27,1144
8979,2025-11-28,356
8979,2025-11-29,212
8979,2025-11-30,229
8979,2025-12-01,275
8979,2025-12-02,272
8979,2025-12-03,570
8979,2025-12-04,1125
8979,2025-12-05,332
8979,2025-12-06,264
8979,2025-12-07,289
8979,2025-12-08,252
8979,2025-12-09,263
8979,2025-12-10,352
8979,2025-12-11,699
8979,2025-12-12,307
8979,2025-12-13,202
8979,2025-12-14,191
8979,2025-12-15,217
8979,2025-12-16,323
8979,2025-12-17,587
8979,2025-12-18,697
8979,2025-12-19,322
8979,2025-12-20,201
8979,2025-12-21,172
8999,2025-11-22,1487
8999,2025-11-23,1743
8999,2025-11-24,1435
8999,2025-11-25,1431
8999,2025-11-26,2413
8999,2025-11-27,3766
8999,2025-11-28,1088
8999,2025-11-29,960
8999,2025-11-30,842
8999,2025-12-01,1087
8999,2025-12-02,1288
8999,2025-12-03,1629
8999,2025-12-04,4410
8999,2025-12-05,1376
8999,2025-12-06,1273
8999,2025-12-07,985
8999,2025-12-08,979
8999,2025-12-09,1085
8999,2025-12-10,1767
8999,2025-12-11,4099
8999,2025-12-12,1273
8999,2025-12-13,1061
8999,2025-12-14,1120
8999,2025-12-15,1249
8999,2025-12-16,1274
8999,2025-12-17,2348
8999,2025-12-18,3931
8999,2025-12-19,1312
8999,2025-12-20,1069
8999,2025-12-21,819
9059,2025-11-22,1655
9059,2025-11-23,2279
9059,2025-11-24,1867
9059,2025-11-25,1773
9059,2025-11-26,1987
9059,2025-11-27,3463
9059,2025-11-28,1878
9059,2025-11-29,1387
9059,2025-11-30,1545
9059,2025-12-01,1555
9059,2025-12-02,1694
9059,2025-12-03,1970
9059,2025-12-04,4456
9059,2025-12-05,2095
9059,2025-12-06,1842
9059,2025-12-07,1896
9059,2025-12-08,1880
9059,2025-12-09,1988
9059,2025-12-10,2107
9059,2025-12-11,4306
9059,2025-12-12,2044
9059,2025-12-13,1742
9059,2025-12-14,1677
9059,2025-12-15,2056
9059,2025-12-16,2266
9059,2025-12-17,2539
9059,2025-12-18,3670
9059,2025-12-19,2322
9059,2025-12-20,1876
9059,2025-12-21,1575
9308,2025-11-22,0
9308,2025-11-23,0
9308,2025-11-24,0
9308,2025-11-25,0
9308,2025-11-26,0
9308,2025-11-27,0
9308,2025-11-28,0
9308,2025-11-29,0
9308,2025-11-30,0
9308,2025-12-01,0
9308,2025-12-02,0
9308,2025-12-03,0
9308,2025-12-04,0
9308,2025-12-05,0
9308,2025-12-06,0
9308,2025-12-07,0
9308,2025-12-08,0
9308,2025-12-09,0
9308,2025-12-10,0
9308,2025-12-11,0
9308,2025-12-12,0
9308,2025-12-13,0
9308,2025-12-14,0
9308,2025-12-15,0
9308,2025-12-16,0
9308,2025-12-17,0
9308,2025-12-18,0
9308,2025-12-19,0
9308,2025-12-20,0
9308,2025-12-21,0
9356,2025-11-22,27780
9356,2025-11-23,27016
9356,2025-11-24,27330
9356,2025-11-25,28032
9356,2025-11-26,30436
9356,2025-11-27,25476
9356,2025-11-28,12956
9356,2025-11-29,12979
9356,2025-11-30,13849
9356,2025-12-01,15353
9356,2025-12-02,17752
9356,2025-12-03,21993
9356,2025-12-04,26289
9356,2025-12-05,15817
9356,2025-12-06,14758
9356,2025-12-07,13505
9356,2025-12-08,14040
9356,2025-12-09,16767
9356,2025-12-10,18780
9356,2025-12-11,21277
9356,2025-12-12,14548
9356,2025-12-13,14793
9356,2025-12-14,13579
9356,2025-12-15,15347
9356,2025-12-16,16093
9356,2025-12-17,19410
9356,2025-12-18,19660
9356,2025-12-19,15586
9356,2025-12-20,14234
9356,2025-12-21,10985
9547,2025-11-22,7683
9547,2025-11-23,12062
9547,2025-11-24,9259
9547,2025-11-25,7389
9547,2025-11-26,9917
9547,2025-11-27,30246
9547,2025-11-28,11197
9547,2025-11-29,5880
9547,2025-11-30,6323
9547,2025-12-01,5814
9547,2025-12-02,6782
9547,2025-12-03,9789
9547,2025-12-04,39621
9547,2025-12-05,12903
9547,2025-12-06,6509
9547,2025-12-07,5897
9547,2025-12-08,6579
9547,2025-12-09,6982
9547,2025-12-10,11506
9547,2025-12-11,37254
9547,2025-12-12,13721
9547,2025-12-13,7004
9547,2025-12-14,6480
9547,2025-12-15,7071
9547,2025-12-16,7652
9547,2025-12-17,11425
9547,2025-12-18,33366
9547,2025-12-19,12908
9547,2025-12-20,7626
9547,2025-12-21,7892
9770,2025-11-22,8090
9770,2025-11-23,8201
9770,2025-11-24,7310
9770,2025-11-25,7582
9770,2025-11-26,12247
9770,2025-11-27,16082
9770,2025-11-28,5279
9770,2025-11-29,4451
9770,2025-11-30,4607
9770,2025-12-01,4197
9770,2025-12-02,4260
9770,2025-12-03,7320
9770,2025-12-04,14256
9770,2025-12-05,5469
9770,2025-12-06,4474
9770,2025-12-07,4201
9770,2025-12-08,4316
9770,2025-12-09,4404
9770,2025-12-10,7063
9770,2025-12-11,14233
9770,2025-12-12,5314
9770,2025-12-13,3690
9770,2025-12-14,3705
9770,2025-12-15,4081
9770,2025-12-16,4712
9770,2025-12-17,7850
9770,2025-12-18,12086
9770,2025-12-19,6634
9770,2025-12-20,4716
9770,2025-12-21,2605
9814,2025-11-22,11635
9814,2025-11-23,10437
9814,2025-11-24,9795
9814,2025-11-25,10934
9814,2025-11-26,16128
9814,2025-11-27,18612
9814,2025-11-28,7348
9814,2025-11-29,5316
9814,2025-11-30,5401
9814,2025-12-01,4869
9814,2025-12-02,5631
9814,2025-12-03,9874
9814,2025-12-04,17628
9814,2025-12-05,6976
9814,2025-12-06,6179
9814,2025-12-07,4915
9814,2025-12-08,4489
9814,2025-12-09,5503
9814,2025-12-10,9416
9814,2025-12-11,14949
9814,2025-12-12,4989
9814,2025-12-13,4459
9814,2025-12-14,4230
9814,2025-12-15,5261
9814,2025-12-16,6108
9814,2025-12-17,10799
9814,2025-12-18,12942
9814,2025-12-19,5896
9814,2025-12-20,4590
9814,2025-12-21,3367
9879,2025-11-22,816
9879,2025-11-23,723
9879,2025-11-24,569
9879,2025-11-25,671
9879,2025-11-26,974
9879,2025-11-27,927
9879,2025-11-28,328
9879,2025-11-29,329
9879,2025-11-30,433
9879,2025-12-01,414
9879,2025-12-02,467
9879,2025-12-03,649
9879,2025-12-04,1241
9879,2025-12-05,316
9879,2025-12-06,345
9879,2025-12-07,375
9879,2025-12-08,362
9879,2025-12-09,380
9879,2025-12-10,500
9879,2025-12-11,768
9879,2025-12-12,387
9879,2025-12-13,323
9879,2025-12-14,327
9879,2025-12-15,341
9879,2025-12-16,398
9879,2025-12-17,632
9879,2025-12-18,706
9879,2025-12-19,410
9879,2025-12-20,310
9879,2025-12-21,238
9880,2025-11-22,55
9880,2025-11-23,157
9880,2025-11-24,85
9880,2025-11-25,48
9880,2025-11-26,111
9880,2025-11-27,339
9880,2025-11-28,38
9880,2025-11-29,35
9880,2025-11-30,45
9880,2025-12-01,32
9880,2025-12-02,28
9880,2025-12-03,87
9880,2025-12-04,260
9880,2025-12-05,34
9880,2025-12-06,48
9880,2025-12-07,42
9880,2025-12-08,45
9880,2025-12-09,45
9880,2025-12-10,82
9880,2025-12-11,234
9880,2025-12-12,47
9880,2025-12-13,42
9880,2025-12-14,30
9880,2025-12-15,43
9880,2025-12-16,42
9880,2025-12-17,105
9880,2025-12-18,336
9880,2025-12-19,79
9880,2025-12-20,45
9880,2025-12-21,40
9951,2025-11-22,388
9951,2025-11-23,415
9951,2025-11-24,387
9951,2025-11-25,438
9951,2025-11-26,576
9951,2025-11-27,810
9951,2025-11-28,219
9951,2025-11-29,215
9951,2025-11-30,200
9951,2025-12-01,151
9951,2025-12-02,211
9951,2025-12-03,337
9951,2025-12-04,723
9951,2025-12-05,256
9951,2025-12-06,227
9951,2025-12-07,162
9951,2025-12-08,123
9951,2025-12-09,167
9951,2025-12-10,326
9951,2025-12-11,822
9951,2025-12-12,264
9951,2025-12-13,148
9951,2025-12-14,115
9951,2025-12-15,138
9951,2025-12-16,194
9951,2025-12-17,298
9951,2025-12-18,576
9951,2025-12-19,245
9951,2025-12-20,143
9951,2025-12-21,101
